43547-0457-10,AMPHETAMINE SUFATE 5MG 100,100,Tablets,https://dailymed.nlm.nih.gov/dailymed/drugInfo.cfm?setid=89c5b52f-3c2a-41d5-8624-9ee51c512c72,Narcolepsy/Attention Deficit Disorder with Hyperactivity/Exogenous Obesity,Evekeo
43547-0458-10,AMPHETAMINE SUFATE 10MG 100,100,Tablets,https://dailymed.nlm.nih.gov/dailymed/drugInfo.cfm?setid=89c5b52f-3c2a-41d5-8624-9ee51c512c72,Narcolepsy/Attention Deficit Disorder with Hyperactivity/Exogenous Obesity,Evekeo
43547-0302-03,ARIPIPRAZOLE 2MG 30,30,Tablets,https://dailymed.nlm.nih.gov/dailymed/drugInfo.cfm?setid=686d0088-ac61-41df-8909-ae12f7957644,Bipolar Disorder/Schizophrenia/Tourette's syndrome,Abilify
43547-0303-03,ARIPIPRAZOLE 5MG 30,30,Tablets,https://dailymed.nlm.nih.gov/dailymed/drugInfo.cfm?setid=686d0088-ac61-41df-8909-ae12f7957644,Bipolar Disorder/Schizophrenia/Tourette's syndrome,Abilify
43547-0304-03,ARIPIPRAZOLE 10MG 30,30,Tablets,https://dailymed.nlm.nih.gov/dailymed/drugInfo.cfm?setid=686d0088-ac61-41df-8909-ae12f7957644,Bipolar Disorder/Schizophrenia/Tourette's syndrome,Abilify
43547-0305-03,ARIPIPRAZOLE 15MG 30,30,Tablets,https://dailymed.nlm.nih.gov/dailymed/drugInfo.cfm?setid=686d0088-ac61-41df-8909-ae12f7957644,Bipolar Disorder/Schizophrenia/Tourette's syndrome,Abilify
43547-0306-03,ARIPIPRAZOLE 20MG 30,30,Tablets,https://dailymed.nlm.nih.gov/dailymed/drugInfo.cfm?setid=686d0088-ac61-41df-8909-ae12f7957644,Bipolar Disorder/Schizophrenia/Tourette's syndrome,Abilify
43547-0307-03,ARIPIPRAZOLE 30MG 30,30,Tablets,https://dailymed.nlm.nih.gov/dailymed/drugInfo.cfm?setid=686d0088-ac61-41df-8909-ae12f7957644,Bipolar Disorder/Schizophrenia/Tourette's syndrome,Abilify
43547-0335-10,PKGS BENAZEPRIL 5MG 100 CT,100,Tablets,https://dailymed.nlm.nih.gov/dailymed/drugInfo.cfm?setid=bb91223e-ffa5-4a3a-b191-fe121250c20c,Hypertension,Lotensin
43547-0336-10,BENAZEPRIL HCL 10MG 100,100,Tablets,https://dailymed.nlm.nih.gov/dailymed/drugInfo.cfm?setid=bb91223e-ffa5-4a3a-b191-fe121250c20c,Hypertension,Lotensin
43547-0336-50,PKGS BENAZEPRIL 10MG 500 CT,500,Tablets,https://dailymed.nlm.nih.gov/dailymed/drugInfo.cfm?setid=bb91223e-ffa5-4a3a-b191-fe121250c20c,Hypertension,Lotensin
43547-0337-10,BENAZEPRIL HCL 20MG 100,100,Tablets,https://dailymed.nlm.nih.gov/dailymed/drugInfo.cfm?setid=bb91223e-ffa5-4a3a-b191-fe121250c20c,Hypertension,Lotensin
43547-0337-50,PKGS BENAZEPRIL 20MG 500 CT,500,Tablets,https://dailymed.nlm.nih.gov/dailymed/drugInfo.cfm?setid=bb91223e-ffa5-4a3a-b191-fe121250c20c,Hypertension,Lotensin
43547-0338-10,BENAZEPRIL HCL 40MG 100,100,Tablets,https://dailymed.nlm.nih.gov/dailymed/drugInfo.cfm?setid=bb91223e-ffa5-4a3a-b191-fe121250c20c,Hypertension,Lotensin
43547-0338-50,PKGS BENAZEPRIL 40MG 500 CT,500,Tablets,https://dailymed.nlm.nih.gov/dailymed/drugInfo.cfm?setid=bb91223e-ffa5-4a3a-b191-fe121250c20c,Hypertension,Lotensin
43547-0337-03,BENAZEPRIL HCL 20MG 30,30,Tablets,https://dailymed.nlm.nih.gov/dailymed/drugInfo.cfm?setid=bb91223e-ffa5-4a3a-b191-fe121250c20c,Hypertension,Lotensin
43547-0338-03,BENAZEPRIL HCL 40MG 30,30,Tablets,https://dailymed.nlm.nih.gov/dailymed/drugInfo.cfm?setid=bb91223e-ffa5-4a3a-b191-fe121250c20c,Hypertension,Lotensin
43547-0616-03,Bisoprolol Fumarate 5mg 30ct,30,Tablets,https://dailymed.nlm.nih.gov/dailymed/drugInfo.cfm?setid=084308e4-3b8b-40d6-acbf-d775772a8a73,Hypertension,Zebeta
43547-0616-10,Bisoprolol Fumarate 5mg 100ct,100,Tablets,https://dailymed.nlm.nih.gov/dailymed/drugInfo.cfm?setid=084308e4-3b8b-40d6-acbf-d775772a8a73,Hypertension,Zebeta
43547-0617-03,Bisoprolol Fumarate 10mg 30ct,30,Tablets,https://dailymed.nlm.nih.gov/dailymed/drugInfo.cfm?setid=084308e4-3b8b-40d6-acbf-d775772a8a73,Hypertension,Zebeta
43547-0617-10,Bisoprolol Fumarate 10mg 100ct,100,Tablets,https://dailymed.nlm.nih.gov/dailymed/drugInfo.cfm?setid=084308e4-3b8b-40d6-acbf-d775772a8a73,Hypertension,Zebeta
43547-0288-10,BUPROPION SR 100MG 100,100,Tablets,https://dailymed.nlm.nih.gov/dailymed/drugInfo.cfm?setid=39b2d509-1281-4464-9cf1-a94bbc18b84b,Depressive Disorder,Wellbutrin SR
43547-0288-50,BUPROPION SR 100MG 500,500,Tablets,https://dailymed.nlm.nih.gov/dailymed/drugInfo.cfm?setid=39b2d509-1281-4464-9cf1-a94bbc18b84b,Depressive Disorder,Wellbutrin SR
43547-0289-10,BUPROPION SR 150MG 100,100,Tablets,https://dailymed.nlm.nih.gov/dailymed/drugInfo.cfm?setid=39b2d509-1281-4464-9cf1-a94bbc18b84b,Depressive Disorder,Wellbutrin SR
43547-0289-50,BUPROPION SR 150MG 500,500,Tablets,https://dailymed.nlm.nih.gov/dailymed/drugInfo.cfm?setid=39b2d509-1281-4464-9cf1-a94bbc18b84b,Depressive Disorder,Wellbutrin SR
43547-0290-10,BUPROPION SR 200MG 100,100,Tablets,https://dailymed.nlm.nih.gov/dailymed/drugInfo.cfm?setid=39b2d509-1281-4464-9cf1-a94bbc18b84b,Depressive Disorder,Wellbutrin SR
43547-0686-10,Butalbital/APAP/Caffeine CapsulesÂ 300MG/50MG/40MG 100CT,100,Capsules,https://dailymed.nlm.nih.gov/dailymed/drugInfo.cfm?setid=5c9c3407-212a-4ae9-a574-2b0c53f3c5eb,Treatment of tension headache,Fioricet
43547-0459-09,Candesartan-HCTZ 16mg/12.5mg 90ct,90,Tablets,https://dailymed.nlm.nih.gov/dailymed/drugInfo.cfm?setid=543b9806-ccfa-4144-a2a2-d0e35eaceeee,Hypertension,Atacand-HCT
43547-0460-09,Candesartan-HCTZ 32mg/12.5mg 90ct,90,Tablets,https://dailymed.nlm.nih.gov/dailymed/drugInfo.cfm?setid=543b9806-ccfa-4144-a2a2-d0e35eaceeee,Hypertension,Atacand-HCT
43547-0461-09,Candesartan-HCTZ 32mg/25mg 90ct,90,Tablets,https://dailymed.nlm.nih.gov/dailymed/drugInfo.cfm?setid=543b9806-ccfa-4144-a2a2-d0e35eaceeee,Hypertension,Atacand-HCT
43547-0363-10,Captopril Tablets 12.5MG 100CT,100,Tablets,https://dailymed.nlm.nih.gov/dailymed/drugInfo.cfm?setid=2d3779b0-83d9-4b6f-a043-f7768cd7fce6,Hypertension/Congestive Heart Failure,Capoten
43547-0364-10,Captopril Tablets 25MG 100CT,100,Tablets,https://dailymed.nlm.nih.gov/dailymed/drugInfo.cfm?setid=2d3779b0-83d9-4b6f-a043-f7768cd7fce6,Hypertension/Congestive Heart Failure,Capoten
43547-0365-10,Captopril Tablets 50MG 100CT,100,Tablets,https://dailymed.nlm.nih.gov/dailymed/drugInfo.cfm?setid=2d3779b0-83d9-4b6f-a043-f7768cd7fce6,Hypertension/Congestive Heart Failure,Capoten
43547-0366-10,Captopril Tablets 100MG 100CT,100,Tablets,https://dailymed.nlm.nih.gov/dailymed/drugInfo.cfm?setid=2d3779b0-83d9-4b6f-a043-f7768cd7fce6,Hypertension/Congestive Heart Failure,Capoten
43547-0688-10,Ciprofloxacin Tabs 250MG 100CT,100,Tablets,https://dailymed.nlm.nih.gov/dailymed/drugInfo.cfm?setid=b6dcfcef-d4ec-4463-a6b5-192cd8c7c0c3,Antibiotic to treat various bacterial infections,Cipro
43547-0689-10,Ciprofloxacin Tabs 500MG 100CT,100,Tablets,https://dailymed.nlm.nih.gov/dailymed/drugInfo.cfm?setid=b6dcfcef-d4ec-4463-a6b5-192cd8c7c0c3,Antibiotic to treat various bacterial infections,Cipro
43547-0689-50,Ciprofloxacin Tabs 500MG 500CT,500,Tablets,https://dailymed.nlm.nih.gov/dailymed/drugInfo.cfm?setid=b6dcfcef-d4ec-4463-a6b5-192cd8c7c0c3,Antibiotic to treat various bacterial infections,Cipro
43547-0406-10,CLONAZEPAM 0.5MG C4 100,100,Tablets,https://dailymed.nlm.nih.gov/dailymed/drugInfo.cfm?setid=4acbb7a9-4db5-4497-b8db-9f358b3f6fb4,"Seizures, Panic Disorder",Klonopin
43547-0406-50,CLONAZEPAM 0.5MG C4 500,500,Tablets,https://dailymed.nlm.nih.gov/dailymed/drugInfo.cfm?setid=4acbb7a9-4db5-4497-b8db-9f358b3f6fb4,"Seizures, Panic Disorder",Klonopin
43547-0406-11,CLONAZEPAM 0.5MG C4 1000,1000,Tablets,https://dailymed.nlm.nih.gov/dailymed/drugInfo.cfm?setid=4acbb7a9-4db5-4497-b8db-9f358b3f6fb4,"Seizures, Panic Disorder",Klonopin
43547-0407-10,CLONAZEPAM 1.0MG C4 100,100,Tablets,https://dailymed.nlm.nih.gov/dailymed/drugInfo.cfm?setid=4acbb7a9-4db5-4497-b8db-9f358b3f6fb4,"Seizures, Panic Disorder",Klonopin
43547-0407-50,CLONAZEPAM 1.0MG C4 500,500,Tablets,https://dailymed.nlm.nih.gov/dailymed/drugInfo.cfm?setid=4acbb7a9-4db5-4497-b8db-9f358b3f6fb4,"Seizures, Panic Disorder",Klonopin
43547-0407-11,CLONAZEPAM 1.0MG C4 1000,1000,Tablets,https://dailymed.nlm.nih.gov/dailymed/drugInfo.cfm?setid=4acbb7a9-4db5-4497-b8db-9f358b3f6fb4,"Seizures, Panic Disorder",Klonopin
43547-0408-10,CLONAZEPAM 2.0MG C4 100,100,Tablets,https://dailymed.nlm.nih.gov/dailymed/drugInfo.cfm?setid=4acbb7a9-4db5-4497-b8db-9f358b3f6fb4,"Seizures, Panic Disorder",Klonopin
43547-0408-50,CLONAZEPAM 2.0MG C4 500,500,Tablets,https://dailymed.nlm.nih.gov/dailymed/drugInfo.cfm?setid=4acbb7a9-4db5-4497-b8db-9f358b3f6fb4,"Seizures, Panic Disorder",Klonopin
43547-0435-06,CLONIDINE ER 0.1MG 60,60,Tablets,https://dailymed.nlm.nih.gov/dailymed/drugInfo.cfm?setid=03a53175-d301-4001-b28b-78ecd763c4ae,ADHD,Kapvay
43547-0565-10,Clonidine IR Tablets 0.1MG 100CT,100,Tablets,https://dailymed.nlm.nih.gov/dailymed/drugInfo.cfm?setid=2bbfea75-9241-4c3a-84f5-342ccb3cdf16,Hypertension,Catapres
43547-0565-11,Clonidine IR Tablets 0.1MG 1000CT.,1000,Tablets,https://dailymed.nlm.nih.gov/dailymed/drugInfo.cfm?setid=2bbfea75-9241-4c3a-84f5-342ccb3cdf16,Hypertension,Catapres
43547-0566-10,Clonidine IR Tablets 0.2MG 100CT,100,Tablets,https://dailymed.nlm.nih.gov/dailymed/drugInfo.cfm?setid=2bbfea75-9241-4c3a-84f5-342ccb3cdf16,Hypertension,Catapres
43547-0566-11,Clonidine IR Tablets 0.2MG 1000CT,1000,Tablets,https://dailymed.nlm.nih.gov/dailymed/drugInfo.cfm?setid=2bbfea75-9241-4c3a-84f5-342ccb3cdf16,Hypertension,Catapres
43547-0567-10,Clonidine IR Tablets 0.3MG 100CT,100,Tablets,https://dailymed.nlm.nih.gov/dailymed/drugInfo.cfm?setid=2bbfea75-9241-4c3a-84f5-342ccb3cdf16,Hypertension,Catapres
43547-0399-10,CYCLOBENZAPRINE 5MG 100,100,Tablets,https://dailymed.nlm.nih.gov/dailymed/drugInfo.cfm?setid=f558863b-ea3f-4e4b-85e9-edb2573e7151,Muscle Spasms/Acute Musculoskeletal Conditions,Flexeril
43547-0399-50,CYCLOBENZAPRINE 5MG 500,500,Tablets,https://dailymed.nlm.nih.gov/dailymed/drugInfo.cfm?setid=f558863b-ea3f-4e4b-85e9-edb2573e7151,Muscle Spasms/Acute Musculoskeletal Conditions,Flexeril
43547-0400-10,CYCLOBENZAPRINE 10MG 100,100,Tablets,https://dailymed.nlm.nih.gov/dailymed/drugInfo.cfm?setid=f558863b-ea3f-4e4b-85e9-edb2573e7151,Muscle Spasms/Acute Musculoskeletal Conditions,Flexeril
43547-0400-50,CYCLOBENZAPRINE 10MG 500,500,Tablets,https://dailymed.nlm.nih.gov/dailymed/drugInfo.cfm?setid=f558863b-ea3f-4e4b-85e9-edb2573e7151,Muscle Spasms/Acute Musculoskeletal Conditions,Flexeril
43547-0400-11,CYCLOBENZAPRINE 10MG 1000,1000,Tablets,https://dailymed.nlm.nih.gov/dailymed/drugInfo.cfm?setid=f558863b-ea3f-4e4b-85e9-edb2573e7151,Muscle Spasms/Acute Musculoskeletal Conditions,Flexeril
43547-0634-10,Dicyclomine HCL CAPS 10MG 100CT,100,Capsules,https://dailymed.nlm.nih.gov/dailymed/drugInfo.cfm?setid=d0954a7a-812b-487e-8c22-2a2a58303277,Functional Bowel/Irritable Bowel Syndrome,Bentyl
43547-0634-11,Dicyclomine HCL CAPS 10MG 1000CT,1000,Capsules,https://dailymed.nlm.nih.gov/dailymed/drugInfo.cfm?setid=d0954a7a-812b-487e-8c22-2a2a58303277,Functional Bowel/Irritable Bowel Syndrome,Bentyl
43547-0024-14,Dimethyl Fumarate DR Capsules 120MG 14CT,14,Capsules,https://dailymed.nlm.nih.gov/dailymed/drugInfo.cfm?setid=a3677dce-a44b-481f-8a76-9ff3a4d42105,Multiple Sclerosis (MS),Tecfidera
43547-0025-06,Dimethyl Fumarate DR Capsules 240MG 60CT,60,Capsules,https://dailymed.nlm.nih.gov/dailymed/drugInfo.cfm?setid=a3677dce-a44b-481f-8a76-9ff3a4d42105,Multiple Sclerosis (MS),Tecfidera
43547-0275-03,DONEPEZIL HCI 5MG 30,30,Tablets,https://dailymed.nlm.nih.gov/dailymed/drugInfo.cfm?setid=042a59ea-131a-4806-b0f4-2f791d4414e2,Dementia - Alzheimer,Aricept
43547-0275-09,DONEPEZIL HCI 5MG 90,90,Tablets,https://dailymed.nlm.nih.gov/dailymed/drugInfo.cfm?setid=042a59ea-131a-4806-b0f4-2f791d4414e2,Dementia - Alzheimer,Aricept
43547-0275-11,DONEPEZIL HCI 5MG 1000,1000,Tablets,https://dailymed.nlm.nih.gov/dailymed/drugInfo.cfm?setid=042a59ea-131a-4806-b0f4-2f791d4414e2,Dementia - Alzheimer,Aricept
43547-0276-03,DONEPEZIL HCI 10MG 30,30,Tablets,https://dailymed.nlm.nih.gov/dailymed/drugInfo.cfm?setid=042a59ea-131a-4806-b0f4-2f791d4414e2,Dementia - Alzheimer,Aricept
43547-0276-09,DONEPEZIL HCI 10MG 90,90,Tablets,https://dailymed.nlm.nih.gov/dailymed/drugInfo.cfm?setid=042a59ea-131a-4806-b0f4-2f791d4414e2,Dementia - Alzheimer,Aricept
43547-0276-11,DONEPEZIL HCI 10MG 1000,1000,Tablets,https://dailymed.nlm.nih.gov/dailymed/drugInfo.cfm?setid=042a59ea-131a-4806-b0f4-2f791d4414e2,Dementia - Alzheimer,Aricept
43547-0325-06,DOXYCYCLINE DR 200MG 60,60,Tablets,https://dailymed.nlm.nih.gov/dailymed/drugInfo.cfm?setid=0a18d4c7-9484-4d3e-b61b-e81fe63fefec,Antibacterial drug used to treat many kinds of infections,Doryx
43547-0324-10,DOXYCYCLINE DR 150MG 100,100,Tablets,https://dailymed.nlm.nih.gov/dailymed/drugInfo.cfm?setid=0a18d4c7-9484-4d3e-b61b-e81fe63fefec,Antibacterial drug used to treat many kinds of infections,Doryx
43547-0462-12,DOXYCYCLINE DR 50MG 120,120,Tablets,https://dailymed.nlm.nih.gov/dailymed/drugInfo.cfm?setid=0a18d4c7-9484-4d3e-b61b-e81fe63fefec,Antibacterial drug used to treat many kinds of infections,Doryx
43547-0379-06,DULOXETINE DR 20MG 60,60,Capsules,https://dailymed.nlm.nih.gov/dailymed/drugInfo.cfm?setid=a105a648-6a97-4151-b9de-d7eac90a8f79,Antidepressant,Cymbalta
43547-0379-09,DULOXETINE DR 20MG 90,90,Capsules,https://dailymed.nlm.nih.gov/dailymed/drugInfo.cfm?setid=a105a648-6a97-4151-b9de-d7eac90a8f79,Antidepressant,Cymbalta
43547-0380-03,DULOXETINE DR 30MG 30,30,Capsules,https://dailymed.nlm.nih.gov/dailymed/drugInfo.cfm?setid=a105a648-6a97-4151-b9de-d7eac90a8f79,Antidepressant,Cymbalta
43547-0380-09,DULOXETINE DR 30MG 90,90,Capsules,https://dailymed.nlm.nih.gov/dailymed/drugInfo.cfm?setid=a105a648-6a97-4151-b9de-d7eac90a8f79,Antidepressant,Cymbalta
43547-0380-11,DULOXETINE DR 30MG 1000,1000,Capsules,https://dailymed.nlm.nih.gov/dailymed/drugInfo.cfm?setid=a105a648-6a97-4151-b9de-d7eac90a8f79,Antidepressant,Cymbalta
43547-0381-03,DULOXETINE DR 60MG 30,30,Capsules,https://dailymed.nlm.nih.gov/dailymed/drugInfo.cfm?setid=a105a648-6a97-4151-b9de-d7eac90a8f79,Antidepressant,Cymbalta
43547-0381-09,DULOXETINE DR 60MG 90,90,Capsules,https://dailymed.nlm.nih.gov/dailymed/drugInfo.cfm?setid=a105a648-6a97-4151-b9de-d7eac90a8f79,Antidepressant,Cymbalta
43547-0381-11,DULOXETINE DR 60MG 1000,1000,Capsules,https://dailymed.nlm.nih.gov/dailymed/drugInfo.cfm?setid=a105a648-6a97-4151-b9de-d7eac90a8f79,Antidepressant,Cymbalta
43547-0545-10,Enalapril Maleate Tablets 2.5mg 100ct,100,Tablets,https://dailymed.nlm.nih.gov/dailymed/drugInfo.cfm?setid=0c829189-fba2-48f8-a23f-d5471a0345f6,Hypertension/Congestive Heart Failure,Vasotec
43547-0545-11,Enalapril Maleate Tablets 2.5mg 1000ct,1000,Tablets,https://dailymed.nlm.nih.gov/dailymed/drugInfo.cfm?setid=0c829189-fba2-48f8-a23f-d5471a0345f6,Hypertension/Congestive Heart Failure,Vasotec
43547-0546-10,Enalapril Maleate Tablets 5mg 100ct,100,Tablets,https://dailymed.nlm.nih.gov/dailymed/drugInfo.cfm?setid=0c829189-fba2-48f8-a23f-d5471a0345f6,Hypertension/Congestive Heart Failure,Vasotec
43547-0546-11,Enalapril Maleate Tablets 5mg 1000ct,1000,Tablets,https://dailymed.nlm.nih.gov/dailymed/drugInfo.cfm?setid=0c829189-fba2-48f8-a23f-d5471a0345f6,Hypertension/Congestive Heart Failure,Vasotec
43547-0547-10,Enalapril Maleate Tablets 10mg 100ct,100,Tablets,https://dailymed.nlm.nih.gov/dailymed/drugInfo.cfm?setid=0c829189-fba2-48f8-a23f-d5471a0345f6,Hypertension/Congestive Heart Failure,Vasotec
43547-0547-11,Enalapril Maleate Tablets 10mg 1000ct,1000,Tablets,https://dailymed.nlm.nih.gov/dailymed/drugInfo.cfm?setid=0c829189-fba2-48f8-a23f-d5471a0345f6,Hypertension/Congestive Heart Failure,Vasotec
43547-0548-10,Enalapril Maleate Tablets 20mg 100ct,100,Tablets,https://dailymed.nlm.nih.gov/dailymed/drugInfo.cfm?setid=0c829189-fba2-48f8-a23f-d5471a0345f6,Hypertension/Congestive Heart Failure,Vasotec
43547-0548-11,Enalapril Maleate Tablets 20mg 1000ct,1000,Tablets,https://dailymed.nlm.nih.gov/dailymed/drugInfo.cfm?setid=0c829189-fba2-48f8-a23f-d5471a0345f6,Hypertension/Congestive Heart Failure,Vasotec
43547-0436-03,ENTECAVIR 0.5MG 30,30,Tablets,https://dailymed.nlm.nih.gov/dailymed/drugInfo.cfm?setid=bb1bb6dc-0120-46e2-ad1e-d9afc221fa16,Hepititis B,Baraclude
43547-0437-03,ENTECAVIR 1MG 30,30,Tablets,https://dailymed.nlm.nih.gov/dailymed/drugInfo.cfm?setid=bb1bb6dc-0120-46e2-ad1e-d9afc221fa16,Hepititis B,Baraclude
43547-0280-10,ESCITALOPRAM 5MG 100,100,Tablets,https://dailymed.nlm.nih.gov/dailymed/drugInfo.cfm?setid=155e973a-f4ff-4e5a-b937-09f1e106fe39,Depressive Disorder,Lexapro
43547-0280-11,ESCITALOPRAM 5MG 1000,1000,Tablets,https://dailymed.nlm.nih.gov/dailymed/drugInfo.cfm?setid=155e973a-f4ff-4e5a-b937-09f1e106fe39,Depressive Disorder,Lexapro
43547-0281-10,ESCITALOPRAM 10MG 100,100,Tablets,https://dailymed.nlm.nih.gov/dailymed/drugInfo.cfm?setid=155e973a-f4ff-4e5a-b937-09f1e106fe39,Depressive Disorder,Lexapro
43547-0281-11,ESCITALOPRAM 10MG 1000,1000,Tablets,https://dailymed.nlm.nih.gov/dailymed/drugInfo.cfm?setid=155e973a-f4ff-4e5a-b937-09f1e106fe39,Depressive Disorder,Lexapro
43547-0282-10,ESCITALOPRAM 20MG 100,100,Tablets,https://dailymed.nlm.nih.gov/dailymed/drugInfo.cfm?setid=155e973a-f4ff-4e5a-b937-09f1e106fe39,Depressive Disorder,Lexapro
43547-0282-11,ESCITALOPRAM 20MG 1000,1000,Tablets,https://dailymed.nlm.nih.gov/dailymed/drugInfo.cfm?setid=155e973a-f4ff-4e5a-b937-09f1e106fe39,Depressive Disorder,Lexapro
43547-0001-03,Esomeprazole DR Capsules 20MG 30CT,30,Capsules,https://dailymed.nlm.nih.gov/dailymed/drugInfo.cfm?setid=3cd80c04-43a2-4be3-b831-ebccc273a0d2,"Anti-Ulcerant, GERD Treatment",Nexium
43547-0001-09,Esomeprazole DR Capsules 20MG 90CT,90,Capsules,https://dailymed.nlm.nih.gov/dailymed/drugInfo.cfm?setid=3cd80c04-43a2-4be3-b831-ebccc273a0d2,"Anti-Ulcerant, GERD Treatment",Nexium
43547-0002-03,Esomeprazole DR Capsules 40MG 30CT,30,Capsules,https://dailymed.nlm.nih.gov/dailymed/drugInfo.cfm?setid=3cd80c04-43a2-4be3-b831-ebccc273a0d2,"Anti-Ulcerant, GERD Treatment",Nexium
43547-0002-09,Esomeprazole DR Capsules 40MG 90CT,90,Capsules,https://dailymed.nlm.nih.gov/dailymed/drugInfo.cfm?setid=3cd80c04-43a2-4be3-b831-ebccc273a0d2,"Anti-Ulcerant, GERD Treatment",Nexium
43547-0002-11,Esomeprazole DR Capsules 40MG 1000CT,1000,Capsules,https://dailymed.nlm.nih.gov/dailymed/drugInfo.cfm?setid=3cd80c04-43a2-4be3-b831-ebccc273a0d2,"Anti-Ulcerant, GERD Treatment",Nexium
43547-0295-03,Febuxostat Tablets 40MG 30CT,30,Tablets,https://dailymed.nlm.nih.gov/dailymed/drugInfo.cfm?setid=4f5f8f2b-7200-4d76-9049-11dbc6cbd2ca,XO Inhibitor used for Hyperuricemia,Uloric
43547-0296-03,Febuxostat Tablets 80MG 30CT,30,Tablets,https://dailymed.nlm.nih.gov/dailymed/drugInfo.cfm?setid=4f5f8f2b-7200-4d76-9049-11dbc6cbd2ca,XO Inhibitor used for Hyperuricemia,Uloric
43547-0430-09,FENOFIBRATE 48MG 90,90,Tablets,https://dailymed.nlm.nih.gov/dailymed/drugInfo.cfm?setid=085109a6-f006-44f0-a170-980d8899a365,Cholesterol and Triglyceride treatment,TriCor
43547-0431-09,FENOFIBRATE 145MG 90,90,Tablets,https://dailymed.nlm.nih.gov/dailymed/drugInfo.cfm?setid=085109a6-f006-44f0-a170-980d8899a365,Cholesterol and Triglyceride treatment,TriCor
43547-0386-09,FOSINOPRIL 10MG 90,90,Tablets,https://dailymed.nlm.nih.gov/dailymed/drugInfo.cfm?setid=0a66f606-5e6f-473d-8a1e-9ef316adb2e2,Hypertension/Congestive Heart Failure,Monopril
43547-0387-09,FOSINOPRIL 20MG 90,90,Tablets,https://dailymed.nlm.nih.gov/dailymed/drugInfo.cfm?setid=0a66f606-5e6f-473d-8a1e-9ef316adb2e2,Hypertension/Congestive Heart Failure,Monopril
43547-0388-09,FOSINOPRIL 40MG 90,90,Tablets,https://dailymed.nlm.nih.gov/dailymed/drugInfo.cfm?setid=0a66f606-5e6f-473d-8a1e-9ef316adb2e2,Hypertension/Congestive Heart Failure,Monopril
43547-0401-10,FUROSEMIDE 20MG 100,100,Tablets,https://dailymed.nlm.nih.gov/dailymed/drugInfo.cfm?setid=6a0fb397-63ae-4fce-bddf-16a91b1b7a2f,Hypertension and Oedema,Lasix
43547-0401-11,FUROSEMIDE 20MG 1000,1000,Tablets,https://dailymed.nlm.nih.gov/dailymed/drugInfo.cfm?setid=6a0fb397-63ae-4fce-bddf-16a91b1b7a2f,Hypertension and Oedema,Lasix
43547-0402-10,FUROSEMIDE 40MG 100,100,Tablets,https://dailymed.nlm.nih.gov/dailymed/drugInfo.cfm?setid=6a0fb397-63ae-4fce-bddf-16a91b1b7a2f,Hypertension and Oedema,Lasix
43547-0402-11,FUROSEMIDE 40MG 1000,1000,Tablets,https://dailymed.nlm.nih.gov/dailymed/drugInfo.cfm?setid=6a0fb397-63ae-4fce-bddf-16a91b1b7a2f,Hypertension and Oedema,Lasix
43547-0403-10,FUROSEMIDE 80MG 100,100,Tablets,https://dailymed.nlm.nih.gov/dailymed/drugInfo.cfm?setid=6a0fb397-63ae-4fce-bddf-16a91b1b7a2f,Hypertension and Oedema,Lasix
43547-0403-50,FUROSEMIDE 80MG 500,500,Tablets,https://dailymed.nlm.nih.gov/dailymed/drugInfo.cfm?setid=6a0fb397-63ae-4fce-bddf-16a91b1b7a2f,Hypertension and Oedema,Lasix
43547-0543-25,GLYCOPYRROLATE INJ 0.2MG1ML BX,25 x 1mL,Injection,https://dailymed.nlm.nih.gov/dailymed/drugInfo.cfm?setid=3707f06a-6cba-4f5c-86ab-fb95bc2a933c,"Preoperative for reduction of salivary, traceobronchial secretion",Robinul
43547-0544-25,GLYCOPYRROLATE INJ 0.4MG2ML BX,25 x 2mL,Injection,https://dailymed.nlm.nih.gov/dailymed/drugInfo.cfm?setid=3707f06a-6cba-4f5c-86ab-fb95bc2a933c,"Preoperative for reduction of salivary, traceobronchial secretion",Robinul
43547-0639-25,GLYCOPYRROLATE INJ 0.2MG NOVA,25 x 1mL,Injection,https://dailymed.nlm.nih.gov/dailymed/drugInfo.cfm?setid=3707f06a-6cba-4f5c-86ab-fb95bc2a933c,"Preoperative for reduction of salivary, traceobronchial secretion",Robinul
43547-0640-25,GLYCOPYRROLATE INJ 0.4G NOVA,25 x 2mL,Injection,https://dailymed.nlm.nih.gov/dailymed/drugInfo.cfm?setid=3707f06a-6cba-4f5c-86ab-fb95bc2a933c,"Preoperative for reduction of salivary, traceobronchial secretion",Robinul
43547-0397-10,HCTZ 25MG 100,100,Tablets,https://dailymed.nlm.nih.gov/dailymed/drugInfo.cfm?setid=60c97ab9-b25e-4ea5-a159-792292178c65,High blood pressure - Diuretic,Microzide
43547-0397-11,HCTZ 25MG 1000,1000,Tablets,https://dailymed.nlm.nih.gov/dailymed/drugInfo.cfm?setid=60c97ab9-b25e-4ea5-a159-792292178c65,High blood pressure - Diuretic,Microzide
43547-0398-10,HCTZ 50MG 100,100,Tablets,https://dailymed.nlm.nih.gov/dailymed/drugInfo.cfm?setid=60c97ab9-b25e-4ea5-a159-792292178c65,High blood pressure - Diuretic,Microzide
43547-0398-11,HCTZ 50MG 1000,1000,Tablets,https://dailymed.nlm.nih.gov/dailymed/drugInfo.cfm?setid=60c97ab9-b25e-4ea5-a159-792292178c65,High blood pressure - Diuretic,Microzide
43547-0374-03,IRBESARTAN 75MG 30,30,Tablets,https://dailymed.nlm.nih.gov/dailymed/drugInfo.cfm?setid=6916c617-92d2-44f5-b968-6267517a2ce6,Hypertension/Diabetic Nephropathy,Avapro
43547-0374-09,IRBESARTAN 75MG 90,90,Tablets,https://dailymed.nlm.nih.gov/dailymed/drugInfo.cfm?setid=6916c617-92d2-44f5-b968-6267517a2ce6,Hypertension/Diabetic Nephropathy,Avapro
43547-0375-03,IRBESARTAN 150MG 30,30,Tablets,https://dailymed.nlm.nih.gov/dailymed/drugInfo.cfm?setid=6916c617-92d2-44f5-b968-6267517a2ce6,Hypertension/Diabetic Nephropathy,Avapro
43547-0375-09,IRBESARTAN 150MG 90,90,Tablets,https://dailymed.nlm.nih.gov/dailymed/drugInfo.cfm?setid=6916c617-92d2-44f5-b968-6267517a2ce6,Hypertension/Diabetic Nephropathy,Avapro
43547-0376-03,IRBESARTAN 300MG 30,30,Tablets,https://dailymed.nlm.nih.gov/dailymed/drugInfo.cfm?setid=6916c617-92d2-44f5-b968-6267517a2ce6,Hypertension/Diabetic Nephropathy,Avapro
43547-0376-09,IRBESARTAN 300MG 90,90,Tablets,https://dailymed.nlm.nih.gov/dailymed/drugInfo.cfm?setid=6916c617-92d2-44f5-b968-6267517a2ce6,Hypertension/Diabetic Nephropathy,Avapro
43547-0330-03,IRBESARTAN HCTZ 150MG12.5MG 30,30,Tablets,https://dailymed.nlm.nih.gov/dailymed/drugInfo.cfm?setid=72fa8cd4-bc2a-4a7d-8feb-2d60e077d801,Hypertension,Avalide
43547-0330-09,IRBESARTAN HCTZ 150MG12.5MG 90,90,Tablets,https://dailymed.nlm.nih.gov/dailymed/drugInfo.cfm?setid=72fa8cd4-bc2a-4a7d-8feb-2d60e077d801,Hypertension,Avalide
43547-0331-03,IRBESARTAN HCTZ 300MG12.5MG 30,30,Tablets,https://dailymed.nlm.nih.gov/dailymed/drugInfo.cfm?setid=72fa8cd4-bc2a-4a7d-8feb-2d60e077d801,Hypertension,Avalide
43547-0331-09,IRBESARTAN HCTZ 300MG12.5MG 90,90,Tablets,https://dailymed.nlm.nih.gov/dailymed/drugInfo.cfm?setid=72fa8cd4-bc2a-4a7d-8feb-2d60e077d801,Hypertension,Avalide
43547-0345-06,LEVETIRACETAM ER 500MG 60,60,Tablets,https://dailymed.nlm.nih.gov/dailymed/drugInfo.cfm?setid=bc8644ed-3320-47b5-adf3-8b972bea8abd,Partial onset seizures,Keppra XR
43547-0346-06,LEVETIRACETAM ER 750MG 60,60,Tablets,https://dailymed.nlm.nih.gov/dailymed/drugInfo.cfm?setid=bc8644ed-3320-47b5-adf3-8b972bea8abd,Partial onset seizures,Keppra XR
43547-0454-10,LEVETIRACETAM INJECTION 500MG/5ML 10VIAL,5mL x 10,Injection,https://dailymed.nlm.nih.gov/dailymed/drugInfo.cfm?setid=cfe618ae-f7de-43d8-a754-3ce0a08c48ee,Partial onset seizures,Keppra
43547-0221-15,LEVETIRACETAM 250MG 120,120,Tablets,https://dailymed.nlm.nih.gov/dailymed/drugInfo.cfm?setid=dd713e60-478c-43cd-b680-ff594a0b3864,Partial onset seizures,Keppra
43547-0222-15,LEVETIRACETAM 500MG 120,120,Tablets,https://dailymed.nlm.nih.gov/dailymed/drugInfo.cfm?setid=dd713e60-478c-43cd-b680-ff594a0b3864,Partial onset seizures,Keppra
43547-0222-50,LEVETIRACETAM 500MG 500,500,Tablets,https://dailymed.nlm.nih.gov/dailymed/drugInfo.cfm?setid=dd713e60-478c-43cd-b680-ff594a0b3864,Partial onset seizures,Keppra
43547-0223-15,LEVETIRACETAM 750MG 120,120,Tablets,https://dailymed.nlm.nih.gov/dailymed/drugInfo.cfm?setid=dd713e60-478c-43cd-b680-ff594a0b3864,Partial onset seizures,Keppra
43547-0224-06,LEVETIRACETAM 1000MG 60,60,Tablets,https://dailymed.nlm.nih.gov/dailymed/drugInfo.cfm?setid=dd713e60-478c-43cd-b680-ff594a0b3864,Partial onset seizures,Keppra
43547-0602-10,Lisdexamfetamine Dimesylate Capsules 10mg 100ct,100,Capsules,https://dailymed.nlm.nih.gov/dailymed/drugInfo.cfm?setid=68b10d9f-ca3e-493d-a309-45f1d7e08061,ADHD,Vyvanse
43547-0603-10,Lisdexamfetamine Dimesylate Capsules 20mg 100ct,100,Capsules,https://dailymed.nlm.nih.gov/dailymed/drugInfo.cfm?setid=68b10d9f-ca3e-493d-a309-45f1d7e08061,ADHD,Vyvanse
43547-0604-10,Lisdexamfetamine Dimesylate Capsules 30mg 100ct,100,Capsules,https://dailymed.nlm.nih.gov/dailymed/drugInfo.cfm?setid=68b10d9f-ca3e-493d-a309-45f1d7e08061,,Vyvanse
43547-0605-10,Lisdexamfetamine Dimesylate Capsules 40mg 100ct,100,Capsules,https://dailymed.nlm.nih.gov/dailymed/drugInfo.cfm?setid=68b10d9f-ca3e-493d-a309-45f1d7e08061,ADHD,Vyvanse
43547-0606-10,Lisdexamfetamine Dimesylate Capsules 50mg 100ct,100,Capsules,https://dailymed.nlm.nih.gov/dailymed/drugInfo.cfm?setid=68b10d9f-ca3e-493d-a309-45f1d7e08061,ADHD,Vyvanse
43547-0607-10,Lisdexamfetamine Dimesylate Capsules 60mg 100ct,100,Capsules,https://dailymed.nlm.nih.gov/dailymed/drugInfo.cfm?setid=68b10d9f-ca3e-493d-a309-45f1d7e08061,ADHD,Vyvanse
43547-0608-10,Lisdexamfetamine Dimesylate Capsules 70mg 100ct,100,Capsules,https://dailymed.nlm.nih.gov/dailymed/drugInfo.cfm?setid=68b10d9f-ca3e-493d-a309-45f1d7e08061,ADHD,Vyvanse
43547-0351-10,LISINOPRIL 2.5MG 100,100,Tablets,https://dailymed.nlm.nih.gov/dailymed/drugInfo.cfm?setid=e299d477-a612-4af4-b6aa-f5addc8a736d,Hypertension/Blood Failure,Zestril
43547-0351-50,LISINOPRIL 2.5MG 500,500,Tablets,https://dailymed.nlm.nih.gov/dailymed/drugInfo.cfm?setid=e299d477-a612-4af4-b6aa-f5addc8a736d,Hypertension/Blood Failure,Zestril
43547-0352-10,LISINOPRIL 5MG 100,100,Tablets,https://dailymed.nlm.nih.gov/dailymed/drugInfo.cfm?setid=e299d477-a612-4af4-b6aa-f5addc8a736d,Hypertension/Blood Failure,Zestril
43547-0352-11,LISINOPRIL 5MG 1000,1000,Tablets,https://dailymed.nlm.nih.gov/dailymed/drugInfo.cfm?setid=e299d477-a612-4af4-b6aa-f5addc8a736d,Hypertension/Blood Failure,Zestril
43547-0353-10,LISINOPRIL 10MG 100,100,Tablets,https://dailymed.nlm.nih.gov/dailymed/drugInfo.cfm?setid=e299d477-a612-4af4-b6aa-f5addc8a736d,Hypertension/Blood Failure,Zestril
43547-0353-11,LISINOPRIL 10MG 1000,1000,Tablets,https://dailymed.nlm.nih.gov/dailymed/drugInfo.cfm?setid=e299d477-a612-4af4-b6aa-f5addc8a736d,Hypertension/Blood Failure,Zestril
43547-0354-10,LISINOPRIL 20MG 100,100,Tablets,https://dailymed.nlm.nih.gov/dailymed/drugInfo.cfm?setid=e299d477-a612-4af4-b6aa-f5addc8a736d,Hypertension/Blood Failure,Zestril
43547-0354-11,LISINOPRIL 20MG 1000,1000,Tablets,https://dailymed.nlm.nih.gov/dailymed/drugInfo.cfm?setid=e299d477-a612-4af4-b6aa-f5addc8a736d,Hypertension/Blood Failure,Zestril
43547-0355-10,LISINOPRIL 30MG 100,100,Tablets,https://dailymed.nlm.nih.gov/dailymed/drugInfo.cfm?setid=e299d477-a612-4af4-b6aa-f5addc8a736d,Hypertension/Blood Failure,Zestril
43547-0355-50,LISINOPRIL 30MG 500,500,Tablets,https://dailymed.nlm.nih.gov/dailymed/drugInfo.cfm?setid=e299d477-a612-4af4-b6aa-f5addc8a736d,Hypertension/Blood Failure,Zestril
43547-0356-10,LISINOPRIL 40MG 100,100,Tablets,https://dailymed.nlm.nih.gov/dailymed/drugInfo.cfm?setid=e299d477-a612-4af4-b6aa-f5addc8a736d,Hypertension/Blood Failure,Zestril
43547-0356-11,LISINOPRIL 40MG 1000,1000,Tablets,https://dailymed.nlm.nih.gov/dailymed/drugInfo.cfm?setid=e299d477-a612-4af4-b6aa-f5addc8a736d,Hypertension/Blood Failure,Zestril
43547-0414-50,LISINOPRIL 2.5MG 500,500,Tablets,https://dailymed.nlm.nih.gov/dailymed/drugInfo.cfm?setid=f8d16c85-50e2-4d99-afae-6fb902734e42,Hypertension/Blood Failure,Zestril
43547-0415-11,LISINOPRIL 5MG 1000,1000,Tablets,https://dailymed.nlm.nih.gov/dailymed/drugInfo.cfm?setid=f8d16c85-50e2-4d99-afae-6fb902734e42,Hypertension/Blood Failure,Zestril
43547-0416-11,LISINOPRIL 10MG 1000,1000,Tablets,https://dailymed.nlm.nih.gov/dailymed/drugInfo.cfm?setid=f8d16c85-50e2-4d99-afae-6fb902734e42,Hypertension/Blood Failure,Zestril
43547-0417-11,LISINOPRIL 20MG 1000,1000,Tablets,https://dailymed.nlm.nih.gov/dailymed/drugInfo.cfm?setid=f8d16c85-50e2-4d99-afae-6fb902734e42,Hypertension/Blood Failure,Zestril
43547-0418-50,LISINOPRIL 30MG 500,500,Tablets,https://dailymed.nlm.nih.gov/dailymed/drugInfo.cfm?setid=f8d16c85-50e2-4d99-afae-6fb902734e42,Hypertension/Blood Failure,Zestril
43547-0419-11,LISINOPRIL 40MG 1000,1000,Tablets,https://dailymed.nlm.nih.gov/dailymed/drugInfo.cfm?setid=f8d16c85-50e2-4d99-afae-6fb902734e42,Hypertension/Blood Failure,Zestril
43547-0420-10,LISINOPRIL HCTZ 10MG12.5MG 100,100,Tablets,https://dailymed.nlm.nih.gov/dailymed/drugInfo.cfm?setid=96922ddc-e87f-4670-b22e-0ffd0d8f66e1,Antihypertensive/Diuretic,Zestoretic
43547-0420-50,LISINOPRIL HCTZ 10MG12.5MG 500,500,Tablets,https://dailymed.nlm.nih.gov/dailymed/drugInfo.cfm?setid=96922ddc-e87f-4670-b22e-0ffd0d8f66e1,Antihypertensive/Diuretic,Zestoretic
43547-0421-10,LISINOPRIL HCTZ 20MG12.5MG 100,100,Tablets,https://dailymed.nlm.nih.gov/dailymed/drugInfo.cfm?setid=96922ddc-e87f-4670-b22e-0ffd0d8f66e1,Antihypertensive/Diuretic,Zestoretic
43547-0421-50,LISINOPRIL HCTZ 20MG12.5MG 500,500,Tablets,https://dailymed.nlm.nih.gov/dailymed/drugInfo.cfm?setid=96922ddc-e87f-4670-b22e-0ffd0d8f66e1,Antihypertensive/Diuretic,Zestoretic
43547-0422-10,LISINOPRIL HCTZ 20MG25MG 100,100,Tablets,https://dailymed.nlm.nih.gov/dailymed/drugInfo.cfm?setid=96922ddc-e87f-4670-b22e-0ffd0d8f66e1,Antihypertensive/Diuretic,Zestoretic
43547-0422-50,LISINOPRIL HCTZ 20MG25MG 500,500,Tablets,https://dailymed.nlm.nih.gov/dailymed/drugInfo.cfm?setid=96922ddc-e87f-4670-b22e-0ffd0d8f66e1,Antihypertensive/Diuretic,Zestoretic
43547-0360-09,LOSARTAN 25MG 90,90,Tablets,https://dailymed.nlm.nih.gov/dailymed/drugInfo.cfm?setid=fa0cf2c2-6238-4edd-94e2-b670b98a0da4,Hypertension,Cozaar
43547-0360-11,LOSARTAN 25MG 1000,1000,Tablets,https://dailymed.nlm.nih.gov/dailymed/drugInfo.cfm?setid=fa0cf2c2-6238-4edd-94e2-b670b98a0da4,Hypertension,Cozaar
43547-0361-03,LOSARTAN 50MG 30,30,Tablets,https://dailymed.nlm.nih.gov/dailymed/drugInfo.cfm?setid=fa0cf2c2-6238-4edd-94e2-b670b98a0da4,Hypertension,Cozaar
43547-0361-09,LOSARTAN 50MG 90,90,Tablets,https://dailymed.nlm.nih.gov/dailymed/drugInfo.cfm?setid=fa0cf2c2-6238-4edd-94e2-b670b98a0da4,Hypertension,Cozaar
43547-0361-11,LOSARTAN 50MG 1000,1000,Tablets,https://dailymed.nlm.nih.gov/dailymed/drugInfo.cfm?setid=fa0cf2c2-6238-4edd-94e2-b670b98a0da4,Hypertension,Cozaar
43547-0362-03,LOSARTAN 100MG 30,30,Tablets,https://dailymed.nlm.nih.gov/dailymed/drugInfo.cfm?setid=fa0cf2c2-6238-4edd-94e2-b670b98a0da4,Hypertension,Cozaar
43547-0362-09,LOSARTAN 100MG 90,90,Tablets,https://dailymed.nlm.nih.gov/dailymed/drugInfo.cfm?setid=fa0cf2c2-6238-4edd-94e2-b670b98a0da4,Hypertension,Cozaar
43547-0362-11,LOSARTAN 100MG 1000,1000,Tablets,https://dailymed.nlm.nih.gov/dailymed/drugInfo.cfm?setid=fa0cf2c2-6238-4edd-94e2-b670b98a0da4,Hypertension,Cozaar
43547-0423-03,LOSARTAN HCTZ 50MG12.5MG 30,30,Tablets,https://dailymed.nlm.nih.gov/dailymed/drugInfo.cfm?setid=6d677f9e-c0e4-4d6e-bea2-a58e986e4635,Antihypertensive/Diuretic,Hyzaar
43547-0423-09,LOSARTAN HCTZ 50MG12.5MG 90,90,Tablets,https://dailymed.nlm.nih.gov/dailymed/drugInfo.cfm?setid=6d677f9e-c0e4-4d6e-bea2-a58e986e4635,Antihypertensive/Diuretic,Hyzaar
43547-0423-11,LOSARTAN HCTZ 50MG12.5MG 1000,1000,Tablets,https://dailymed.nlm.nih.gov/dailymed/drugInfo.cfm?setid=6d677f9e-c0e4-4d6e-bea2-a58e986e4635,Antihypertensive/Diuretic,Hyzaar
43547-0425-03,LOSARTAN HCTZ 100MG12.5MG 30,30,Tablets,https://dailymed.nlm.nih.gov/dailymed/drugInfo.cfm?setid=6d677f9e-c0e4-4d6e-bea2-a58e986e4635,Antihypertensive/Diuretic,Hyzaar
43547-0425-09,LOSARTAN HCTZ 100MG12.5MG 90,90,Tablets,https://dailymed.nlm.nih.gov/dailymed/drugInfo.cfm?setid=6d677f9e-c0e4-4d6e-bea2-a58e986e4635,Antihypertensive/Diuretic,Hyzaar
43547-0425-11,LOSARTAN HCTZ 100MG12.5MG 1000,1000,Tablets,https://dailymed.nlm.nih.gov/dailymed/drugInfo.cfm?setid=6d677f9e-c0e4-4d6e-bea2-a58e986e4635,Antihypertensive/Diuretic,Hyzaar
43547-0424-03,LOSARTAN HCTZ 100MG25MG 30,30,Tablets,https://dailymed.nlm.nih.gov/dailymed/drugInfo.cfm?setid=6d677f9e-c0e4-4d6e-bea2-a58e986e4635,Antihypertensive/Diuretic,Hyzaar
43547-0424-09,LOSARTAN HCTZ 100MG25MG 90,90,Tablets,https://dailymed.nlm.nih.gov/dailymed/drugInfo.cfm?setid=6d677f9e-c0e4-4d6e-bea2-a58e986e4635,Antihypertensive/Diuretic,Hyzaar
43547-0424-11,LOSARTAN HCTZ 100MG25MG 1000,1000,Tablets,https://dailymed.nlm.nih.gov/dailymed/drugInfo.cfm?setid=6d677f9e-c0e4-4d6e-bea2-a58e986e4635,Antihypertensive/Diuretic,Hyzaar
43547-0405-10,METHOCARBAMOL 500MG 100,100,Tablets,https://dailymed.nlm.nih.gov/dailymed/drugInfo.cfm?setid=32863f21-30ff-4a8b-a2e6-8ab14a37af0d,Muscle Relaxant,Robaxin
43547-0405-50,METHOCARBAMOL 500MG 500,500,Tablets,https://dailymed.nlm.nih.gov/dailymed/drugInfo.cfm?setid=32863f21-30ff-4a8b-a2e6-8ab14a37af0d,Muscle Relaxant,Robaxin
43547-0226-10,METHOCARBAMOL 750MG 100,100,Tablets,https://dailymed.nlm.nih.gov/dailymed/drugInfo.cfm?setid=32863f21-30ff-4a8b-a2e6-8ab14a37af0d,Muscle Relaxant,Robaxin
43547-0226-50,METHOCARBAMOL 750MG 500,500,Tablets,https://dailymed.nlm.nih.gov/dailymed/drugInfo.cfm?setid=32863f21-30ff-4a8b-a2e6-8ab14a37af0d,Muscle Relaxant,Robaxin
43547-0486-10,METHYLPHENIDATE 5MG 100,100,Tablets,https://dailymed.nlm.nih.gov/dailymed/drugInfo.cfm?setid=238ff743-4f25-43a3-87ac-6559d12a9d49,ADHD,Ritalin
43547-0487-10,METHYLPHENIDATE 10MG 100,100,Tablets,https://dailymed.nlm.nih.gov/dailymed/drugInfo.cfm?setid=238ff743-4f25-43a3-87ac-6559d12a9d49,ADHD,Ritalin
43547-0488-10,METHYLPHENIDATE 20MG 100,100,Tablets,https://dailymed.nlm.nih.gov/dailymed/drugInfo.cfm?setid=238ff743-4f25-43a3-87ac-6559d12a9d49,ADHD,Ritalin
43547-0524-03,Nebivolol Tablets 2.5MG 30CT,30,Tablets,https://dailymed.nlm.nih.gov/dailymed/drugInfo.cfm?setid=51d3f12f-94cc-4f58-94d3-61990e16adfc,Hypertension,Bystolic
43547-0525-03,Nebivolol Tablets 5MG 30CT,30,Tablets,https://dailymed.nlm.nih.gov/dailymed/drugInfo.cfm?setid=51d3f12f-94cc-4f58-94d3-61990e16adfc,Hypertension,Bystolic
43547-0525-09,Nebivolol Tablets 5MG 90CT,90,Tablets,https://dailymed.nlm.nih.gov/dailymed/drugInfo.cfm?setid=51d3f12f-94cc-4f58-94d3-61990e16adfc,Hypertension,Bystolic
43547-0526-03,Nebivolol Tablets 10MG 30CT,30,Tablets,https://dailymed.nlm.nih.gov/dailymed/drugInfo.cfm?setid=51d3f12f-94cc-4f58-94d3-61990e16adfc,Hypertension,Bystolic
43547-0526-09,Nebivolol Tablets 10MG 90CT,90,Tablets,https://dailymed.nlm.nih.gov/dailymed/drugInfo.cfm?setid=51d3f12f-94cc-4f58-94d3-61990e16adfc,Hypertension,Bystolic
43547-0527-03,Nebivolol Tablets 20MG 30CT,30,Tablets,https://dailymed.nlm.nih.gov/dailymed/drugInfo.cfm?setid=51d3f12f-94cc-4f58-94d3-61990e16adfc,Hypertension,Bystolic
43547-0527-09,Nebivolol Tablets 20MG 90CT,90,Tablets,https://dailymed.nlm.nih.gov/dailymed/drugInfo.cfm?setid=51d3f12f-94cc-4f58-94d3-61990e16adfc,Hypertension,Bystolic
43547-0299-03,Olmesartan Medoxomil Tablets 5MG 30CT,30,Tablets,https://dailymed.nlm.nih.gov/dailymed/drugInfo.cfm?setid=6e602f81-1cc3-4ae1-8bdf-85572e35cf73,Hypertension,Benicar
43547-0300-03,Olmesartan Medoxomil Tablets 20MG 30CT,30,Tablets,https://dailymed.nlm.nih.gov/dailymed/drugInfo.cfm?setid=6e602f81-1cc3-4ae1-8bdf-85572e35cf73,Hypertension,Benicar
43547-0300-09,Olmesartan Medoxomil Tablets 20MG 90CT,90,Tablets,https://dailymed.nlm.nih.gov/dailymed/drugInfo.cfm?setid=6e602f81-1cc3-4ae1-8bdf-85572e35cf73,Hypertension,Benicar
43547-0301-03,Olmesartan Medoxomil Tablets 40MG 30CT,30,Tablets,https://dailymed.nlm.nih.gov/dailymed/drugInfo.cfm?setid=6e602f81-1cc3-4ae1-8bdf-85572e35cf73,Hypertension,Benicar
43547-0301-09,Olmesartan Medoxomil Tablets 40MG 90CT,90,Tablets,https://dailymed.nlm.nih.gov/dailymed/drugInfo.cfm?setid=6e602f81-1cc3-4ae1-8bdf-85572e35cf73,Hypertension,Benicar
43547-0391-03,OLMESARTAN HCTZ 20MG12.5MG 30,30,Tablets,https://dailymed.nlm.nih.gov/dailymed/drugInfo.cfm?setid=bdca31d3-60b1-4659-aef7-56530b4f9039,Hypertension,Benicar - HCT
43547-0391-09,OLMESARTAN HCTZ 20MG12.5MG 90,90,Tablets,https://dailymed.nlm.nih.gov/dailymed/drugInfo.cfm?setid=bdca31d3-60b1-4659-aef7-56530b4f9039,Hypertension,Benicar - HCT
43547-0392-03,OLMESARTAN HCTZ 40MG12.5MG 30,30,Tablets,https://dailymed.nlm.nih.gov/dailymed/drugInfo.cfm?setid=bdca31d3-60b1-4659-aef7-56530b4f9039,Hypertension,Benicar - HCT
43547-0392-09,OLMESARTAN HCTZ 40MG12.5MG 90,90,Tablets,https://dailymed.nlm.nih.gov/dailymed/drugInfo.cfm?setid=bdca31d3-60b1-4659-aef7-56530b4f9039,Hypertension,Benicar - HCT
43547-0393-03,OLMESARTAN HCTZ 40MG25MG 30,30,Tablets,https://dailymed.nlm.nih.gov/dailymed/drugInfo.cfm?setid=bdca31d3-60b1-4659-aef7-56530b4f9039,Hypertension,Benicar - HCT
43547-0393-09,OLMESARTAN HCTZ 40MG25MG 90,90,Tablets,https://dailymed.nlm.nih.gov/dailymed/drugInfo.cfm?setid=bdca31d3-60b1-4659-aef7-56530b4f9039,Hypertension,Benicar - HCT
43547-0409-03,PAROXETINE 7.5MG 30CT CAP,30,Capsules,https://dailymed.nlm.nih.gov/dailymed/drugInfo.cfm?setid=2c5836c3-2099-452e-b6af-d2d50dc359fd,Treatment of vasomotor symptoms of menopause,Brisdelle
43547-0347-03,PAROXETINE 10MG 30,30,Tablets,https://dailymed.nlm.nih.gov/dailymed/drugInfo.cfm?setid=6cfde064-ddcb-49df-a53c-953c40eb1470,"OCD, PTSD",Paxil
43547-0347-09,PAROXETINE 10MG 90,90,Tablets,https://dailymed.nlm.nih.gov/dailymed/drugInfo.cfm?setid=6cfde064-ddcb-49df-a53c-953c40eb1470,"OCD, PTSD",Paxil
43547-0347-50,PAROXETINE 10MG 500,500,Tablets,https://dailymed.nlm.nih.gov/dailymed/drugInfo.cfm?setid=6cfde064-ddcb-49df-a53c-953c40eb1470,"OCD, PTSD",Paxil
43547-0347-11,PAROXETINE 10MG 1000,1000,Tablets,https://dailymed.nlm.nih.gov/dailymed/drugInfo.cfm?setid=6cfde064-ddcb-49df-a53c-953c40eb1470,"OCD, PTSD",Paxil
43547-0348-03,PAROXETINE 20MG 30,30,Tablets,https://dailymed.nlm.nih.gov/dailymed/drugInfo.cfm?setid=6cfde064-ddcb-49df-a53c-953c40eb1470,"OCD, PTSD",Paxil
43547-0348-09,PAROXETINE 20MG 90,90,Tablets,https://dailymed.nlm.nih.gov/dailymed/drugInfo.cfm?setid=6cfde064-ddcb-49df-a53c-953c40eb1470,"OCD, PTSD",Paxil
43547-0348-11,PAROXETINE 20MG 1000,1000,Tablets,https://dailymed.nlm.nih.gov/dailymed/drugInfo.cfm?setid=6cfde064-ddcb-49df-a53c-953c40eb1470,"OCD, PTSD",Paxil
43547-0349-03,PAROXETINE 30MG 30,30,Tablets,https://dailymed.nlm.nih.gov/dailymed/drugInfo.cfm?setid=6cfde064-ddcb-49df-a53c-953c40eb1470,"OCD, PTSD",Paxil
43547-0349-09,PAROXETINE 30MG 90,90,Tablets,https://dailymed.nlm.nih.gov/dailymed/drugInfo.cfm?setid=6cfde064-ddcb-49df-a53c-953c40eb1470,"OCD, PTSD",Paxil
43547-0349-11,PAROXETINE 30MG 1000,1000,Tablets,https://dailymed.nlm.nih.gov/dailymed/drugInfo.cfm?setid=6cfde064-ddcb-49df-a53c-953c40eb1470,"OCD, PTSD",Paxil
43547-0350-03,PAROXETINE 40MG 30,30,Tablets,https://dailymed.nlm.nih.gov/dailymed/drugInfo.cfm?setid=6cfde064-ddcb-49df-a53c-953c40eb1470,"OCD, PTSD",Paxil
43547-0350-09,PAROXETINE 40MG 90,90,Tablets,https://dailymed.nlm.nih.gov/dailymed/drugInfo.cfm?setid=6cfde064-ddcb-49df-a53c-953c40eb1470,"OCD, PTSD",Paxil
43547-0350-11,PAROXETINE 40MG 1000,1000,Tablets,https://dailymed.nlm.nih.gov/dailymed/drugInfo.cfm?setid=6cfde064-ddcb-49df-a53c-953c40eb1470,"OCD, PTSD",Paxil
43547-0632-01,#N/A,1,Injection,#N/A,Oncolytic,Alimta
43547-0404-10,PHENTERMINE 37.5MG C4 100,100,Tablets,https://dailymed.nlm.nih.gov/dailymed/drugInfo.cfm?setid=e4024b8a-25cb-4681-9bb4-44a38c74fe4b,Weight loss medication,Adipex-P
43547-0506-09,Pregablin Capsules 25MG 90CT,90,Capsules,https://dailymed.nlm.nih.gov/dailymed/drugInfo.cfm?setid=085db834-3735-40d9-ac67-f9dbb82390c5,Fibromyalgia/Partial Onset Seizures (17 and up),Lyrica
43547-0507-09,Pregablin Capsules 50MG 90CT,90,Capsules,https://dailymed.nlm.nih.gov/dailymed/drugInfo.cfm?setid=085db834-3735-40d9-ac67-f9dbb82390c5,Fibromyalgia/Partial Onset Seizures (17 and up),Lyrica
43547-0508-09,Pregablin Capsules 75MG 90CT,90,Capsules,https://dailymed.nlm.nih.gov/dailymed/drugInfo.cfm?setid=085db834-3735-40d9-ac67-f9dbb82390c5,Fibromyalgia/Partial Onset Seizures (17 and up),Lyrica
43547-0509-09,Pregablin Capsules 100MG 90CT,90,Capsules,https://dailymed.nlm.nih.gov/dailymed/drugInfo.cfm?setid=085db834-3735-40d9-ac67-f9dbb82390c5,Fibromyalgia/Partial Onset Seizures (17 and up),Lyrica
43547-0510-09,Pregablin Capsules 150MG 90CT,90,Capsules,https://dailymed.nlm.nih.gov/dailymed/drugInfo.cfm?setid=085db834-3735-40d9-ac67-f9dbb82390c5,Fibromyalgia/Partial Onset Seizures (17 and up),Lyrica
43547-0511-09,Pregablin Capsules 200MG 90CT,90,Capsules,https://dailymed.nlm.nih.gov/dailymed/drugInfo.cfm?setid=085db834-3735-40d9-ac67-f9dbb82390c5,Fibromyalgia/Partial Onset Seizures (17 and up),Lyrica
43547-0512-09,Pregablin Capsules 225MG 90CT,90,Capsules,https://dailymed.nlm.nih.gov/dailymed/drugInfo.cfm?setid=085db834-3735-40d9-ac67-f9dbb82390c5,Fibromyalgia/Partial Onset Seizures (17 and up),Lyrica
43547-0513-09,Pregablin Capsules 300MG 90CT,90,Capsules,https://dailymed.nlm.nih.gov/dailymed/drugInfo.cfm?setid=085db834-3735-40d9-ac67-f9dbb82390c5,Fibromyalgia/Partial Onset Seizures (17 and up),Lyrica
43547-0339-06,RISPERIDONE 0.25MG 60,60,Tablets,https://dailymed.nlm.nih.gov/dailymed/drugInfo.cfm?setid=43aa2a4f-1123-4f86-800b-9218882f7bcd,Schizophrenia/Bipolar Mania/Irritability Associated with Autistic Disorder,Risperdal
43547-0339-50,RISPERIDONE 0.25MG 500,500,Tablets,https://dailymed.nlm.nih.gov/dailymed/drugInfo.cfm?setid=43aa2a4f-1123-4f86-800b-9218882f7bcd,Schizophrenia/Bipolar Mania/Irritability Associated with Autistic Disorder,Risperdal
43547-0340-06,RISPERIDONE 0.5MG 60,60,Tablets,https://dailymed.nlm.nih.gov/dailymed/drugInfo.cfm?setid=43aa2a4f-1123-4f86-800b-9218882f7bcd,Schizophrenia/Bipolar Mania/Irritability Associated with Autistic Disorder,Risperdal
43547-0340-50,RISPERIDONE 0.5MG 500,500,Tablets,https://dailymed.nlm.nih.gov/dailymed/drugInfo.cfm?setid=43aa2a4f-1123-4f86-800b-9218882f7bcd,Schizophrenia/Bipolar Mania/Irritability Associated with Autistic Disorder,Risperdal
43547-0341-06,RISPERIDONE 1MG 60,60,Tablets,https://dailymed.nlm.nih.gov/dailymed/drugInfo.cfm?setid=43aa2a4f-1123-4f86-800b-9218882f7bcd,Schizophrenia/Bipolar Mania/Irritability Associated with Autistic Disorder,Risperdal
43547-0341-50,RISPERIDONE 1MG 500,500,Tablets,https://dailymed.nlm.nih.gov/dailymed/drugInfo.cfm?setid=43aa2a4f-1123-4f86-800b-9218882f7bcd,Schizophrenia/Bipolar Mania/Irritability Associated with Autistic Disorder,Risperdal
43547-0342-06,RISPERIDONE 2MG 60,60,Tablets,https://dailymed.nlm.nih.gov/dailymed/drugInfo.cfm?setid=43aa2a4f-1123-4f86-800b-9218882f7bcd,Schizophrenia/Bipolar Mania/Irritability Associated with Autistic Disorder,Risperdal
43547-0342-50,RISPERIDONE 2MG 500,500,Tablets,https://dailymed.nlm.nih.gov/dailymed/drugInfo.cfm?setid=43aa2a4f-1123-4f86-800b-9218882f7bcd,Schizophrenia/Bipolar Mania/Irritability Associated with Autistic Disorder,Risperdal
43547-0343-06,RISPERIDONE 3MG 60,60,Tablets,https://dailymed.nlm.nih.gov/dailymed/drugInfo.cfm?setid=43aa2a4f-1123-4f86-800b-9218882f7bcd,Schizophrenia/Bipolar Mania/Irritability Associated with Autistic Disorder,Risperdal
43547-0343-50,RISPERIDONE 3MG 500,500,Tablets,https://dailymed.nlm.nih.gov/dailymed/drugInfo.cfm?setid=43aa2a4f-1123-4f86-800b-9218882f7bcd,Schizophrenia/Bipolar Mania/Irritability Associated with Autistic Disorder,Risperdal
43547-0344-06,RISPERIDONE 4MG 60,60,Tablets,https://dailymed.nlm.nih.gov/dailymed/drugInfo.cfm?setid=43aa2a4f-1123-4f86-800b-9218882f7bcd,Schizophrenia/Bipolar Mania/Irritability Associated with Autistic Disorder,Risperdal
43547-0344-50,RISPERIDONE 4MG 500,500,Tablets,https://dailymed.nlm.nih.gov/dailymed/drugInfo.cfm?setid=43aa2a4f-1123-4f86-800b-9218882f7bcd,Schizophrenia/Bipolar Mania/Irritability Associated with Autistic Disorder,Risperdal
43547-0530-10,Rocuronium Bromide Inj 50mg/5ml 10Vial,5mL x 10,Injection,https://dailymed.nlm.nih.gov/dailymed/drugInfo.cfm?setid=b7fba679-9c2d-4dac-af53-8c1331c966c3,General Anesthesia for Rapid or Routine Tracheal Intubation,Zemuron
43547-0531-10,Rocuronium Bromide Inj 100mg/10ml 10Vial,10mL x 10,Injection,https://dailymed.nlm.nih.gov/dailymed/drugInfo.cfm?setid=b7fba679-9c2d-4dac-af53-8c1331c966c3,General Anesthesia for Rapid or Routine Tracheal Intubation,Zemuron
43547-0005-03,Roflumilast Tablets 500mcg 30CT,30,Tablets,https://dailymed.nlm.nih.gov/dailymed/drugInfo.cfm?setid=4251c764-7224-4f94-9de7-b6c76cb1f5cd,COPD Treatment,Daliresp
43547-0005-09,Roflumilast Tablets 500mcg  90CT,90,Tablets,https://dailymed.nlm.nih.gov/dailymed/drugInfo.cfm?setid=4251c764-7224-4f94-9de7-b6c76cb1f5cd,COPD Treatment,Daliresp
43547-0554-03,Ropinirole ER Tablets 2MG 30CT,30,Tablets,https://dailymed.nlm.nih.gov/dailymed/drugInfo.cfm?setid=213dd2f4-4a71-456c-b3c7-b709c7bd7445,Parkinson's Disease,Requip XL
43547-0555-03,Ropinirole ER Tablets 4MG 30CT,30,Tablets,https://dailymed.nlm.nih.gov/dailymed/drugInfo.cfm?setid=213dd2f4-4a71-456c-b3c7-b709c7bd7445,Parkinson's Disease,Requip XL
43547-0555-09,Ropinirole ER Tablets 4MG 90CT,90,Tablets,https://dailymed.nlm.nih.gov/dailymed/drugInfo.cfm?setid=213dd2f4-4a71-456c-b3c7-b709c7bd7445,Parkinson's Disease,Requip XL
43547-0556-03,Ropinirole ER Tablets 6MG 30CT,30,Tablets,https://dailymed.nlm.nih.gov/dailymed/drugInfo.cfm?setid=213dd2f4-4a71-456c-b3c7-b709c7bd7445,Parkinson's Disease,Requip XL
43547-0557-03,Ropinirole ER Tablets 8MG 30CT,30,Tablets,https://dailymed.nlm.nih.gov/dailymed/drugInfo.cfm?setid=213dd2f4-4a71-456c-b3c7-b709c7bd7445,Parkinson's Disease,Requip XL
43547-0557-09,Ropinirole ER Tablets 8MG 90CT,90,Tablets,https://dailymed.nlm.nih.gov/dailymed/drugInfo.cfm?setid=213dd2f4-4a71-456c-b3c7-b709c7bd7445,Parkinson's Disease,Requip XL
43547-0558-03,Ropinirole ER Tablets 12MG 30CT,30,Tablets,https://dailymed.nlm.nih.gov/dailymed/drugInfo.cfm?setid=213dd2f4-4a71-456c-b3c7-b709c7bd7445,Parkinson's Disease,Requip XL
43547-0268-10,ROPINIROLE HCL0.25MG 100,100,Tablets,https://dailymed.nlm.nih.gov/dailymed/drugInfo.cfm?setid=7734ef0b-584f-42dd-a8b5-adbdf4e4df93,Parkinson/Restless leg syndrome,Requip
43547-0268-50,ROPINIROLE HCL0.25MG 500,500,Tablets,https://dailymed.nlm.nih.gov/dailymed/drugInfo.cfm?setid=7734ef0b-584f-42dd-a8b5-adbdf4e4df93,Parkinson/Restless leg syndrome,Requip
43547-0269-10,ROPINIROLE HCL 0.5MG 100,100,Tablets,https://dailymed.nlm.nih.gov/dailymed/drugInfo.cfm?setid=7734ef0b-584f-42dd-a8b5-adbdf4e4df93,Parkinson/Restless leg syndrome,Requip
43547-0269-50,ROPINIROLE HCL 0.5MG 500,500,Tablets,https://dailymed.nlm.nih.gov/dailymed/drugInfo.cfm?setid=7734ef0b-584f-42dd-a8b5-adbdf4e4df93,Parkinson/Restless leg syndrome,Requip
43547-0270-10,ROPINIROLE HCL 1 MG 100,100,Tablets,https://dailymed.nlm.nih.gov/dailymed/drugInfo.cfm?setid=7734ef0b-584f-42dd-a8b5-adbdf4e4df93,Parkinson/Restless leg syndrome,Requip
43547-0270-50,ROPINIROLE HCL 1 MG 500,500,Tablets,https://dailymed.nlm.nih.gov/dailymed/drugInfo.cfm?setid=7734ef0b-584f-42dd-a8b5-adbdf4e4df93,Parkinson/Restless leg syndrome,Requip
43547-0271-10,ROPINIROLE HCL 2 MG 100,100,Tablets,https://dailymed.nlm.nih.gov/dailymed/drugInfo.cfm?setid=7734ef0b-584f-42dd-a8b5-adbdf4e4df93,Parkinson/Restless leg syndrome,Requip
43547-0271-50,ROPINIROLE HCL 2 MG 500,500,Tablets,https://dailymed.nlm.nih.gov/dailymed/drugInfo.cfm?setid=7734ef0b-584f-42dd-a8b5-adbdf4e4df93,Parkinson/Restless leg syndrome,Requip
43547-0272-10,ROPINIROLE HCL 3 MG 100,100,Tablets,https://dailymed.nlm.nih.gov/dailymed/drugInfo.cfm?setid=7734ef0b-584f-42dd-a8b5-adbdf4e4df93,Parkinson/Restless leg syndrome,Requip
43547-0273-10,ROPINIROLE HCL 4 MG 100,100,Tablets,https://dailymed.nlm.nih.gov/dailymed/drugInfo.cfm?setid=7734ef0b-584f-42dd-a8b5-adbdf4e4df93,Parkinson/Restless leg syndrome,Requip
43547-0274-10,ROPINIROLE HCL 5 MG 100,100,Tablets,https://dailymed.nlm.nih.gov/dailymed/drugInfo.cfm?setid=7734ef0b-584f-42dd-a8b5-adbdf4e4df93,Parkinson/Restless leg syndrome,Requip
43547-0047-03,Tadalafil Tablet 2.5MG 30CT,30,Tablets,https://dailymed.nlm.nih.gov/dailymed/drugInfo.cfm?setid=05640a4d-afb7-42ae-a5bb-77dbc8412356,Erectile Dysfunction/Benign Prostatic Hyperplasia,Cialis
43547-0047-50,Tadalafil Tablet 2.5MG 500CT,500,Tablets,https://dailymed.nlm.nih.gov/dailymed/drugInfo.cfm?setid=05640a4d-afb7-42ae-a5bb-77dbc8412356,Erectile Dysfunction/Benign Prostatic Hyperplasia,Cialis
43547-0049-03,Tadalafil Tablet 5MG 30CT,30,Tablets,https://dailymed.nlm.nih.gov/dailymed/drugInfo.cfm?setid=05640a4d-afb7-42ae-a5bb-77dbc8412356,Erectile Dysfunction/Benign Prostatic Hyperplasia,Cialis
43547-0049-50,Tadalafil Tablet 5MG 500CT,500,Tablets,https://dailymed.nlm.nih.gov/dailymed/drugInfo.cfm?setid=05640a4d-afb7-42ae-a5bb-77dbc8412356,Erectile Dysfunction/Benign Prostatic Hyperplasia,Cialis
43547-0050-03,Tadalafil Tablet 10MG 30CT,30,Tablets,https://dailymed.nlm.nih.gov/dailymed/drugInfo.cfm?setid=05640a4d-afb7-42ae-a5bb-77dbc8412356,Erectile Dysfunction/Benign Prostatic Hyperplasia,Cialis
43547-0050-50,Tadalafil Tablet 10MG 500CT,500,Tablets,https://dailymed.nlm.nih.gov/dailymed/drugInfo.cfm?setid=05640a4d-afb7-42ae-a5bb-77dbc8412356,Erectile Dysfunction/Benign Prostatic Hyperplasia,Cialis
43547-0051-03,Tadalafil Tablet 20MG 30CT,30,Tablets,https://dailymed.nlm.nih.gov/dailymed/drugInfo.cfm?setid=05640a4d-afb7-42ae-a5bb-77dbc8412356,Erectile Dysfunction/Benign Prostatic Hyperplasia,Cialis
43547-0051-50,Tadalafil Tablet 20MG 500CT,500,Tablets,https://dailymed.nlm.nih.gov/dailymed/drugInfo.cfm?setid=05640a4d-afb7-42ae-a5bb-77dbc8412356,Erectile Dysfunction/Benign Prostatic Hyperplasia,Cialis
43547-0990-06,Tadalafil Tablet (Adcirca) 20MG 60CT,60,Tablets,https://dailymed.nlm.nih.gov/dailymed/drugInfo.cfm?setid=05640a4d-afb7-42ae-a5bb-77dbc8412356,Pulmonary Hypertension,Adcirca
43547-0441-03,TELMISARTAN HCTZ 40MG12.5MG 30,30,Tablets,https://dailymed.nlm.nih.gov/dailymed/drugInfo.cfm?setid=47c8eee0-f0b7-4bd8-97e9-0029aa1b37db,Antihypertensive/Diuretic,Micardis HCT
43547-0442-03,TELMISARTAN HCTZ 80MG12.5MG 30,30,Tablets,https://dailymed.nlm.nih.gov/dailymed/drugInfo.cfm?setid=47c8eee0-f0b7-4bd8-97e9-0029aa1b37db,Antihypertensive/Diuretic,Micardis HCT
43547-0443-03,TELMISARTAN HCTZ 80MG25MG 30,30,Tablets,https://dailymed.nlm.nih.gov/dailymed/drugInfo.cfm?setid=47c8eee0-f0b7-4bd8-97e9-0029aa1b37db,Antihypertensive/Diuretic,Micardis HCT
43547-0283-03,TELMISARTAN 20MG 30,30,Tablets,https://dailymed.nlm.nih.gov/dailymed/drugInfo.cfm?setid=77442f0b-b522-4b19-ac1f-f0ce8576f0be,Antihypertensive,Micardis
43547-0284-03,TELMISARTAN 40MG 30,30,Tablets,https://dailymed.nlm.nih.gov/dailymed/drugInfo.cfm?setid=77442f0b-b522-4b19-ac1f-f0ce8576f0be,Antihypertensive,Micardis
43547-0285-03,TELMISARTAN 80MG 30,30,Tablets,https://dailymed.nlm.nih.gov/dailymed/drugInfo.cfm?setid=77442f0b-b522-4b19-ac1f-f0ce8576f0be,Antihypertensive,Micardis
43547-0611-10,TEMAZEPAM 7.5MG CAPSULES C4 100 CT,100,Capsules,https://dailymed.nlm.nih.gov/dailymed/drugInfo.cfm?setid=3ce42f0e-821e-4c9a-8f6b-60621628fd4b,Insomnia,Restoril
43547-0612-10,TEMAZEPAM 15MG CAPSULES C4 100 CT,100,Capsules,https://dailymed.nlm.nih.gov/dailymed/drugInfo.cfm?setid=3ce42f0e-821e-4c9a-8f6b-60621628fd4b,Insomnia,Restoril
43547-0612-50,TEMAZEPAM 15MG CAPSULES C4 500 CT,500,Capsules,https://dailymed.nlm.nih.gov/dailymed/drugInfo.cfm?setid=3ce42f0e-821e-4c9a-8f6b-60621628fd4b,Insomnia,Restoril
43547-0613-03,TEMAZEPAM 22.5MG CAPSULES C4 30 CT,30,Capsules,https://dailymed.nlm.nih.gov/dailymed/drugInfo.cfm?setid=3ce42f0e-821e-4c9a-8f6b-60621628fd4b,Insomnia,Restoril
43547-0614-10,TEMAZEPAM 30MG CAPSULES C4 100 CT,100,Capsules,https://dailymed.nlm.nih.gov/dailymed/drugInfo.cfm?setid=3ce42f0e-821e-4c9a-8f6b-60621628fd4b,Insomnia,Restoril
43547-0614-50,TEMAZEPAM 30MG CAPSULES C4 500 CT,500,Capsules,https://dailymed.nlm.nih.gov/dailymed/drugInfo.cfm?setid=3ce42f0e-821e-4c9a-8f6b-60621628fd4b,Insomnia,Restoril
43547-0655-10,Tranylcypromine Tablets 10MG 100CT,100,Tablets,https://dailymed.nlm.nih.gov/dailymed/drugInfo.cfm?setid=3c14a558-2df4-4d93-97dd-640dec6ee785,Major Depressive Disorder,Parnate
43547-0311-09,VALSARTANHCTZ 80MG-12.5MG 90,90,Tablets,https://dailymed.nlm.nih.gov/dailymed/drugInfo.cfm?setid=f8b0a8ab-4549-4553-a127-bf2c0291a4b1,Antihypertensive/Diuretic,Diovan HCT
43547-0312-09,VALSARTANHCTZ 160MG-12.5MG 90,90,Tablets,https://dailymed.nlm.nih.gov/dailymed/drugInfo.cfm?setid=f8b0a8ab-4549-4553-a127-bf2c0291a4b1,Antihypertensive/Diuretic,Diovan HCT
43547-0313-09,VALSARTANHCTZ 160MG-25MG 90,90,Tablets,https://dailymed.nlm.nih.gov/dailymed/drugInfo.cfm?setid=f8b0a8ab-4549-4553-a127-bf2c0291a4b1,Antihypertensive/Diuretic,Diovan HCT
43547-0314-09,VALSARTANHCTZ 320MG-12.5MG 90,90,Tablets,https://dailymed.nlm.nih.gov/dailymed/drugInfo.cfm?setid=f8b0a8ab-4549-4553-a127-bf2c0291a4b1,Antihypertensive/Diuretic,Diovan HCT
43547-0315-09,VALSARTANHCTZ 320MG-25MG 90,90,Tablets,https://dailymed.nlm.nih.gov/dailymed/drugInfo.cfm?setid=f8b0a8ab-4549-4553-a127-bf2c0291a4b1,Antihypertensive/Diuretic,Diovan HCT
43547-0367-03,VALSARTAN 40MG 30,30,Tablets,https://dailymed.nlm.nih.gov/dailymed/drugInfo.cfm?setid=26080940-bcd3-446d-9026-3ddfb58e281e,Antihypertensive,Diovan
43547-0367-09,VALSARTAN 40MG 90CT,90,Tablets,https://dailymed.nlm.nih.gov/dailymed/drugInfo.cfm?setid=26080940-bcd3-446d-9026-3ddfb58e281e,Antihypertensive,Diovan
43547-0368-09,VALSARTAN 80MG 90,90,Tablets,https://dailymed.nlm.nih.gov/dailymed/drugInfo.cfm?setid=26080940-bcd3-446d-9026-3ddfb58e281e,Antihypertensive,Diovan
43547-0369-09,VALSARTAN 160MG 90,90,Tablets,https://dailymed.nlm.nih.gov/dailymed/drugInfo.cfm?setid=26080940-bcd3-446d-9026-3ddfb58e281e,Antihypertensive,Diovan
43547-0370-09,VALSARTAN 320MG 90,90,Tablets,https://dailymed.nlm.nih.gov/dailymed/drugInfo.cfm?setid=26080940-bcd3-446d-9026-3ddfb58e281e,Antihypertensive,Diovan
43547-0377-03,VORICONAZOLE 50MG 30,30,Tablets,https://dailymed.nlm.nih.gov/dailymed/drugInfo.cfm?setid=f6a1a792-141b-42e8-8bd1-884e4408eb8a,Fungal Infection Treatment,Vfend
43547-0378-03,VORICONAZOLE 200MG 30,30,Tablets,https://dailymed.nlm.nih.gov/dailymed/drugInfo.cfm?setid=f6a1a792-141b-42e8-8bd1-884e4408eb8a,Fungal Infection Treatment,Vfend